[{"thres1":630,"thres0":630,"lowfreq":false,"interval":1,"stop":false,"opmode":"worklog","addr":"0x054C","site":0,"reason":0,"invert":false,"act":false,"detect1":0,"debug":false,"detect0":0,"options":{},"id":0,"disp":false},{"thres1":5,"thres0":10,"lowfreq":false,"interval":5,"stop":false,"opmode":"worklog","addr":"0x0160","site":0,"reason":0,"invert":false,"act":false,"detect1":0,"debug":false,"detect0":0,"options":{},"id":1,"disp":false},{"thres1":0.03,"thres0":0.03,"lowfreq":false,"interval":5,"stop":false,"opmode":"worklog","addr":"0x48d1","site":0,"reason":0,"invert":false,"act":false,"detect1":0,"debug":false,"detect0":0,"options":{},"id":3,"disp":false},{"thres1":0.03,"thres0":0.03,"lowfreq":false,"interval":5,"stop":false,"opmode":"worklog","addr":"0x48ca","site":0,"reason":0,"invert":false,"act":false,"detect1":0,"debug":false,"detect0":0,"options":{},"id":4,"disp":false},{"thres1":600,"thres0":600,"lowfreq":false,"interval":1,"stop":false,"opmode":"worklog","addr":"0x055b","site":0,"reason":0,"invert":false,"act":false,"detect1":0,"debug":false,"detect0":0,"options":{},"id":5,"disp":false},{"thres1":100,"thres0":100,"lowfreq":false,"interval":5,"stop":false,"opmode":"worklog","addr":"0x452a","site":0,"reason":0,"invert":false,"act":false,"detect1":0,"debug":false,"detect0":0,"options":{},"id":6,"disp":false},{"thres1":1000,"thres0":1000,"lowfreq":false,"interval":5,"stop":false,"opmode":"worklog","addr":"0x5F52","site":0,"reason":0,"invert":false,"act":false,"detect1":0,"debug":false,"detect0":0,"options":{},"id":7,"disp":false},{"thres1":600,"thres0":600,"lowfreq":false,"interval":5,"stop":false,"opmode":"worklog","addr":"0x1e35","site":0,"reason":0,"invert":false,"act":false,"detect1":0,"debug":false,"detect0":0,"options":{},"id":8,"disp":false},{"thres1":600,"thres0":600,"lowfreq":false,"interval":5,"stop":false,"opmode":"worklog","addr":"0x01AA","site":0,"reason":0,"invert":false,"act":false,"detect1":0,"debug":false,"detect0":0,"options":{},"id":9,"disp":false},{"thres1":600,"thres0":600,"lowfreq":false,"interval":5,"stop":false,"opmode":"worklog","addr":"0x01A3","site":0,"reason":0,"invert":false,"act":false,"detect1":0,"debug":false,"detect0":0,"options":{},"id":10,"disp":false},{"thres1":600,"thres0":600,"lowfreq":false,"interval":5,"stop":false,"opmode":"worklog","addr":"0x1E22","site":0,"reason":0,"invert":false,"act":false,"detect1":0,"debug":false,"detect0":0,"options":{},"id":11,"disp":false},{"thres1":600,"thres0":600,"lowfreq":false,"interval":5,"stop":false,"opmode":"worklog","addr":"0x01A5","site":0,"reason":0,"invert":false,"act":false,"detect1":0,"debug":false,"detect0":0,"options":{},"id":12,"disp":false},{"thres1":600,"thres0":600,"lowfreq":false,"interval":1,"stop":false,"opmode":"worklog","addr":"0x4744_0","site":0,"reason":0,"invert":false,"act":false,"detect1":0,"debug":false,"detect0":0,"options":{},"id":13,"disp":false},{"thres1":200,"thres0":200,"lowfreq":false,"interval":0,"stop":false,"opmode":"worklog","addr":"0x4faa","site":0,"reason":0,"invert":false,"act":false,"detect1":0,"debug":false,"detect0":0,"options":{},"id":14,"disp":false},{"thres1":3,"thres0":3,"lowfreq":false,"interval":5,"stop":false,"opmode":"worklog","addr":"0x1234_3","site":0,"reason":0,"invert":false,"act":false,"detect1":3,"debug":false,"detect0":3,"options":{},"id":15,"disp":false},{"thres1":0,"thres0":0,"lowfreq":false,"interval":5,"stop":false,"opmode":"worklog","addr":"0x1234_0","site":0,"reason":0,"invert":false,"act":false,"detect1":0,"debug":false,"detect0":0,"options":{},"id":16,"disp":false},{"thres1":0.5,"thres0":0.5,"lowfreq":false,"interval":5,"stop":false,"opmode":"worklog","addr":"0x4744_7","site":0,"reason":0,"invert":false,"act":false,"detect1":0,"debug":false,"detect0":0,"options":{},"id":17,"disp":false}]